 {
    "W": 1,
    "EW": 0.000000000000000001,
    "PW": 0.000000000000001,
    "TW": 0.000000000001,
    "GW": 0.000000001,
    "MW": 0.000001,
    "kW": 0.001,
    "hW": 0.01,
    "daW": 0.1,
    "dW": 10,
    "cW": 100,
    "mW": 1000,
    "µW": 1000000,
    "nW": 1000000000,
    "pW": 1000000000000,
    "fW": 1000000000000000,
    "aW": 1000000000000000000,
    "hp": 0.0013410221,
    "550 ft*lbf/s": 0.0013410221,
    "ft*lbf/s": 0.0013410221,
    "horsepower": 0.0013410221,
    "horsepower metric": 0.0013596216,
    "horsepower boiler": 0.000101942,
    "horsepower electric": 0.0013404826,
    "horsepower water": 0.0013404053,
    "ps": 0.0013596216,
    "pferdestarke": 0.0013596216,
    "Btu (IT)/hour": 3.4121416331,
    "Btu (IT)/minute": 0.0568690272,
    "Btu (IT)/second": 0.0009478171,
    "Btu (th)/hour": 3.4144259497,
    "Btu (th)/minute": 0.0569070992,
    "Btu (th)/second": 0.0009484517,
    "MBtu (IT)/hour": 0.0000034121,
    "MBH": 0.0034121416,
    "ton (refrigeration)": 0.0002843451,
    "kilocalorie (IT)/hour": 0.8598452279,
    "kcal/h": 0.8598452279,
    "kilocalorie (IT)/minute": 0.0143307538,
    "kcal/m": 0.0143307538,
    "kilocalorie (IT)/second": 0.0002388459,
    "kcal/s": 0.0002388459,
    "kilocalorie (th)/hour": 0.8604206501,
    "kilocalorie (th)/minute": 0.0143403442,
    "kilocalorie (th)/second": 0.0002390057,
    "calorie (IT)/hour": 859.84522786,
    "cal/h": 859.84522786,
    "calorie (IT)/minute": 14.330753798,
    "cal/m": 14.330753798,
    "calorie (IT)/second": 0.2388458966,
    "calorie (th)/hour": 860.4206501,
    "calorie (th)/minute": 14.340344168,
    "calorie (th)/second": 0.2390057361,
    "foot pound-force/hour": 2655.2237374,
    "foot pound-force/minute": 44.253728957,
    "foot pound-force/second": 0.7375621493,
    "pound-foot/hour": 2655.2237374,
    "lbf*ft/h": 2655.2237374,
    "pound-foot/minute": 44.253728957,
    "pound-foot/second": 0.7375621493,
    "erg/second": 10000000,
    "erg/s": 10000000,
    "kilovolt ampere": 0.001,
    "kV*A": 0.001,
    "volt ampere": 1,
    "V*A": 1,
    "newton meter/second": 1,
    "NM/s": 1,
    "joule/second": 1,
    "J/s": 1,
    "exajoule/second": 0.000000000000000001,
    "EJ/s": 0.000000000000000001,
    "petajoule/second": 0.000000000000001,
    "PJ/s": 0.000000000000001,
    "terajoule/second": 0.000000000001,
    "TJ/s": 0.000000000001,
    "gigajoule/second": 0.000000001,
    "GJ/s": 0.000000001,
    "megajoule/second": 0.000001,
    "MJ/s": 0.000001,
    "kilojoule/second": 0.001,
    "kJ/s": 0.001,
    "hectojoule/second": 0.01,
    "hJ/s": 0.01,
    "dekajoule/second": 0.1,
    "daJ/s": 0.1,
    "decijoule/second": 10,
    "dJ/s": 10,
    "centijoule/second": 100,
    "cJ/s": 100,
    "millijoule/second": 1000,
    "mJ/s": 1000,
    "microjoule/second": 1000000,
    "µJ/s": 1000000,
    "nanojoule/second": 1000000000,
    "nJ/s": 1000000000,
    "picojoule/second": 1000000000000,
    "pJ/s": 1000000000000,
    "femtojoule/second": 1000000000000000,
    "fJ/s": 1000000000000000,
    "attojoule/second":  1000000000000000000,
    "aJ/s": 1000000000000000000,
    "joule/hour": 3600,
    "J/h": 3600,
    "joule/minute": 60,
    "J/min": 60,
    "kilojoule/hour": 3.6,
    "kJ/h": 3.6,
    "kilojoule/minute": 0.06,
    "kJ/min": 0.06
}
