{
    "milliLiter": 1,
    "mL": 1,
    "bbl (oil)": 0.0000062898107280219,
    "bblUK": 0.0000061102568971969,
    "bblUS": 0.0000085216794934986,
    "Board Feet": 0.000423776000658,
    "Bushels (UK)": 0.000027496156037386,
    "Bushels (US)": 0.000028377593256211,
    "centiLitter": 0.1,
    "cL": 0.1,
    "Cubic Centimeters": 1,
    "cm3": 1,
    "Cubic Decimeter": 0.01,
    "dm3": 0.01,
    "kiloLiter": 0.0000010,
    "kL": 0.0000010,
    "Liter": 0.001,
    "L": 0.001,
    "l": 0.001,
    "hL": 0.000010,
    "Hectoliters": 0.000010
}